"","Eje","AIC","BIC"
"1",1,548130.585220294,581560.584419842
"2",2,345960.533732506,354429.251168249
"3",3,394846.412093685,397135.473253489
